<?xml version="1.0"?>
<root xmlns="urn:schemas-upnp-org:device-1-0">
<specVersion>
<major>1</major>
<minor>0</minor>
</specVersion>
<device>
<UDN>uuid:492a4242-22c2-25b1-a112-4c7ac45678a1</UDN>
<friendlyName>x360mediaserve: 1 : Windows Media Connect</friendlyName>
<deviceType>urn:schemas-upnp-org:device:MediaServer:1</deviceType>
<manufacturer>Tawsi</manufacturer>
<manufacturerURL>http://x360mediaserve.sf.net/</manufacturerURL>
<modelName>Windows Media Connect</modelName>
<modelNumber>2.0</modelNumber>
<modelURL>http://x360mediaserve.sf.net</modelURL>
<serialNumber>{1}</serialNumber>
<serviceList>
<service>
<serviceType>urn:schemas-upnp-org:service:ConnectionManager:1</serviceType>
<serviceId>urn:upnp-org:serviceId:urn:schemas-upnp-org:service:ConnectionManager</serviceId>
<SCPDURL>/service/ConnectionManager1.xml</SCPDURL>
<controlURL>/service/ConnectionManager_control</controlURL>
<eventSubURL>/service/ConnectionManager_event</eventSubURL>
</service>
<service>
<serviceType>urn:schemas-upnp-org:service:ContentDirectory:1</serviceType>
<serviceId>urn:upnp-org:serviceId:urn:schemas-upnp-org:service:ContentDirectory</serviceId>
<SCPDURL>/service/ContentDirectory1.xml</SCPDURL>
<controlURL>/service/ContentDirectory/Control</controlURL>
<eventSubURL>/service/ContentDirectory/Event</eventSubURL>
</service>
<service>
<serviceType>urn:microsoft.com:service:X_MS_MediaReceiverRegistrar:1</serviceType>
<serviceId>urn:microsoft.com:serviceId:X_MS_MediaReceiverRegistrar</serviceId>
<SCPDURL>/service/MediaReceiverRegistrar/MediaReceiverRegistrar1.xml</SCPDURL>
<eventSubURL>/service/MediaReceiverRegistrar/Event</eventSubURL>
<controlURL>/service/MediaReceiverRegistrar/Control</controlURL>
</service>
</serviceList>
</device>
</root>
